{"_runtime": 105, "_timestamp": 1634884159, "conf_table": {"_type": "table-file", "path": "media/table/conf_table_33_64d53b227faa1d9af28f.table.json", "sha256": "64d53b227faa1d9af28f0039b25e56adeb64e665247c693173315a44082c2d85", "size": 182, "artifact_path": "wandb-client-artifact://qrrkpepuq5xa7rhs1rc2jaa5ox3ksqqz8ta1cdhdedq6bkxiywx4iwjg5d9ova1jkuf0072eceq6n97vqrc7bg0zdlmurgrp85awrcz1xxsdj1nueetnky0k1gjvb01t:latest/conf_table.table.json", "_latest_artifact_path": "wandb-client-artifact://qrrkpepuq5xa7rhs1rc2jaa5ox3ksqqz8ta1cdhdedq6bkxiywx4iwjg5d9ova1jkuf0072eceq6n97vqrc7bg0zdlmurgrp85awrcz1xxsdj1nueetnky0k1gjvb01t:latest/conf_table.table.json", "ncols": 3, "nrows": 4}, "_step": 35, "examples": {"_type": "table-file", "path": "media/table/examples_34_91f6e347e7ecd02507aa.table.json", "sha256": "91f6e347e7ecd02507aaae308eae951941a1290f1e97d62b6d4de16dc22ad454", "size": 1253, "artifact_path": "wandb-client-artifact://149ghj8gzdskqlrxnsn12b2mn07f772jljtqxw3nvksdypbcw5v5itrepdaktk7hv8nj671g46b0y9620rt0tmrz4sa622urxa6zp0gvamdctfq6h10plhv5zla5v3n5:latest/examples.table.json", "_latest_artifact_path": "wandb-client-artifact://149ghj8gzdskqlrxnsn12b2mn07f772jljtqxw3nvksdypbcw5v5itrepdaktk7hv8nj671g46b0y9620rt0tmrz4sa622urxa6zp0gvamdctfq6h10plhv5zla5v3n5:latest/examples.table.json", "ncols": 3, "nrows": 20}, "global_step": 133, "train/loss_step": 0.6473250389099121, "train/acc_step": 0.65625, "epoch": 0, "trainer/global_step": 133, "train/loss_epoch": 0.6140002012252808, "train/acc_epoch": 0.7021400928497314, "valid/loss_step/epoch_0": 0.4859660267829895, "valid/loss_epoch": 0.6177464127540588, "valid/acc": 0.6912751793861389, "valid/precision_macro": 0.34563758969306946, "valid/recall_macro": 0.5, "valid/precision_micro": 0.6912751793861389, "valid/recall_micro": 0.6912751793861389, "valid/f1": 0.6912751793861389, "_wandb": {"runtime": 106}}